Ptilocolepidae_Palaeagapetus_celsus_1|2h|NC
Ptilocolepidae_Ptilocolepus_granulatus_7|1h|Italy
Hydroptilidae_Nothotrichia_cautinensis_1|1h|Chile
Hydroptilidae_Celaenotrichia_edwardsi_1|1h|Chile
Hydroptilidae_Anchitrichia_duplifurcata_1|1h|Brazil_Minas_Gerais
Hydroptilidae_Leucotrichia_pictipes_13|1h|NV
Hydroptilidae_Hydroptila_argosa_3|2h|NV
Hydroptilidae_Oxyethira_flavicornis_6|1h|Germany
Hydroptilidae_Agraylea_multipunctata_1|67h|MB|MN|ON|QC
Glossosomatidae_Anagapetus_debilis_5|1h|MT
Glossosomatidae_Glossosoma_oregonense_2|1h|NV
Glossosomatidae_Glossosoma_nigrior_1|162h|NB|NY|PA|TN|VA
Glossosomatidae_Agapetus_delicatulus_1|3h|France
Glossosomatidae_Synagapetus_iridipennis_2|1h|Austria
Glossosomatidae_Agapetus_pinatus_6|1h|NB
Glossosomatidae_Padunia_lepnevae_1|1h|Russia_Amur
Glossosomatidae_Mastigoptila_ruizi_4|1h|Chile
Glossosomatidae_Mortoniella_KMK_sp__1|1h|Brazil_Rio_de_Janeiro
Glossosomatidae_Mortoniella_albolineata_1|1h|Brazil_Santa_Catarina
Glossosomatidae_Cariboptila_hispaniolica_1|1h|Dominican_Republic
Glossosomatidae_Cariboptila_aurulenta_1|1h|Dominican_Republic
Glossosomatidae_Protoptila_tenebrosa_4|2h|MB
Glossosomatidae_Itauara_KMK_sp__BR1_1|1h|Brazil_Rio_de_Janeiro
Hydrobiosidae_Neopsilochorema_tricarinatum_2|1h|Chile
Hydrobiosidae_Isochorema_curvispinum_2|1h|Chile
Hydrobiosidae_Apatanodes_sociatus_2|1h|Chile
Hydrobiosidae_Rheochorema_tenuispinum_2|1h|Chile
Hydrobiosidae_Iguazu_flavofuscum_1|1h|Chile
Hydrobiosidae_Koetonga_clivicola_1|2h|Australia_Victoria
Hydrobiosidae_Neurochorema_forsteri_2|1h|New_Zealand
Hydrobiosidae_Microchorema_extensum_1|1h|Chile
Hydrobiosidae_Ethochorema_turbidum_2|2h|Australia_Victoria
Hydrobiosidae_Stenochorema_crassicostum_2|1h|Chile
Hydrobiosidae_Cailloma_pumida_2|1h|Chile
Hydrobiosidae_Parachorema_bifidum_1|7h|Chile
Hydrobiosidae_Metachorema_griseum_5|1h|Chile
Hydrobiosidae_Hydrochorema_crassicaudatum_5|1h|New_Zealand
Hydrobiosidae_Neurochorema_armstrongi_1|3h|New_Zealand
Hydrobiosidae_Xanthochorema_bifurcatum_3|1h|
Hydrobiosidae_Psilochorema_mimicum_1|10h|New_Zealand
Hydrobiosidae_Atopsyche_callosa_3|1h|Venezuela
Hydrobiosidae_Austrochorema_nama_1|1h|Australia_New_South_Wales
Hydrobiosidae_Costachorema_callistum_5|1h|New_Zealand
Hydrobiosidae_Edpercivalia_thomasoni_2|1h|New_Zealand
Hydrobiosidae_Clavichorema_capillatum_1|1h|Chile
Oeconesidae_Pseudoeconesus_bistirpis_8|1h|New_Zealand
Oeconesidae_Oeconesus_maori_9|1h|New_Zealand
Kokiriidae_Kokiria_miharo_1|1h|New_Zealand
Kokiriidae_Taskiropsyche_lacustris_1|1h|
Kokiriidae_Mecynostomella_caledonia_1|1h|New_Caledonia
Pisuliidae_Silvatares_ensifer_1|1h|South_Africa
Phryganeidae_Yphria_californica_1|2h|CA
Phryganeidae_Banksiola_crotchi_11|1h|MN
Phryganeidae_Agrypnia_vestita_10|1h|MN
Phryganeidae_Phryganea_grandis_8|1h|Austria
Phryganeidae_Ptilostomis_ocellifera_1|32h|MB|MN|NB|NS|NY|ON|PE|QC|SC|VA
Phryganeidae_Eubasilissa_maclachlani_1|1h|Laos
Phryganeidae_Semblis_phalaenoides_2|2h|Finland
Phryganeidae_Hagenella_sibirica_1|1h|Russia_Amur
Limnephilidae_Metacosmoecus_nigrofasciatus_2|1h|Chile
Limnephilidae_Allogamus_auricollis_3|5h|Switzerland
Limnephilidae_Potamophylax_cingulatus_14|1h|Czech_Republic
Limnephilidae_Chyranda_centralis_23|1h|WY
Limnephilidae_Ecclisopteryx_guttulata_5|1h|Austria
Limnephilidae_Ecclisomyia_maculosa_8|1h|WA
Limnephilidae_Brachypsyche_rara_1|1h|Russia_Primorsky_Krai
Limnephilidae_Hesperophylax_designatus_17|1h|MN
Limnephilidae_Limnephilus_externus_4|8h|MB|ON|SK
Apataniidae_Allomyia_gnathos_5|1h|CO
Apataniidae_Allomyia_cascadis_1|1h|OR
Goeridae_Goeracea_oregona_1|2h|CA
Apataniidae_Apatania_zonella_1|30h|AK|MB|MN|NT|NU|Newfoundland_and_Labrador|ON|Yukon_Territory
Apataniidae_Apatania_majuscula_1|8h|Mongolia
Uenoidae_Oligophlebodes_minutus_2|2h|WY
Uenoidae_Sericostriata_surdickae_1|1h|MT
Uenoidae_Farula_praelonga_1|1h|CA
Thremmatidae_Thremma_anomalum_1|1h|Greece
Goeridae_Goerita_semata_1|2h|MT|NC
Goeridae_Goerita_betteni_2|1h|KY
Goeridae_Goera_fuscula_4|4h|NJ|PA
Goeridae_Silo_nigricornis_1|7h|Austria
Goeridae_Silo_pallipes_13|1h|Austria
Lepidostomatidae_Theliopsyche_grisea_3|1h|SC
Lepidostomatidae_Lepidostoma_togatum_4|14h|MB|MN|NB|ON
Brachycentridae_Brachycentrus_montanus_5|1h|Austria
Brachycentridae_Micrasema_bactro_10|1h|UT
Brachycentridae_Micrasema_setiferum_12|1h|Austria
Phryganopsychidae_Phryganopsyche_latipennis_2|3h|Japan
Atriplectididae_Atriplectides_dubius_2|1h|Australia_New_South_Wales
Leptoceridae_Leptorussa_darlingtoni_1|1h|Australia_New_South_Wales
Leptoceridae_Notalina_fulva_1|1h|Australia_New_South_Wales
Leptoceridae_Notalina_bifaria_2|1h|Australia_New_South_Wales
Leptoceridae_Condocerus_paludosus_2|1h|
Leptoceridae_Hudsonema_amabile_1|2h|New_Zealand
Leptoceridae_Hudsonema_cf__alienum_5|1h|New_Zealand
Leptoceridae_Notoperata_maculata_2|1h|
Leptoceridae_Triplectidina_moselyi_2|1h|New_Zealand
Leptoceridae_Symphitoneuria_clara_1|1h|
Leptoceridae_Symphitoneuria_triangulata_1|1h|
Leptoceridae_Triplectidina_nigricornis_3|1h|
Leptoceridae_Lectrides_varians_2|1h|Australia_New_South_Wales
Leptoceridae_Symphitoneuria_sabaensis_1|1h|
Leptoceridae_Symphitoneuria_opposita_1|1h|
Leptoceridae_Triplectides_jaffueli_3|1h|Chile
Leptoceridae_Triplectides_nigripennis_1|2h||Chile
Leptoceridae_Triplectides_gonetalus_2|1h|Australia_Queensland
Leptoceridae_Triplectides_aequalichelatus_1|1h|
Leptoceridae_Triplectides_tigrinus_1|1h|
Leptoceridae_Triplectides_magnus_1|1h|
Leptoceridae_Triplectides_australis_6|1h|Indonesia
Leptoceridae_Triplectides_volda_4|1h|Australia_Victoria
Leptoceridae_Grumichella_flaveola_1|1h|Bolivia
Leptoceridae_Atanatolica_penai_1|1h|
Leptoceridae_Atanatolica_botosaneanui_1|2h||Venezuela
Leptoceridae_Triplexa_villa_1|1h|
Leptoceridae_Gracilipsodes_grandis_1|1h|
Leptoceridae_Gracilipsodes_aureus_2|1h|
Leptoceridae_Gracilipsodes_psocopterus_1|2h||New_Caledonia
Leptoceridae_Leptocerus_stephanei_1|1h|
Leptoceridae_Leptocerus_ousta_1|1h|
Leptoceridae_Setodes_flagellatus_1|1h|
Leptoceridae_Tagalopsyche_jolandae_2|1h|
Leptoceridae_Mystacides_niger_4|1h|Hungary
Leptoceridae_Mystacides_longicornis_2|2h|Poland
Leptoceridae_Sericodes_sp__nhrs_EE9_1|1h|
Leptoceridae_Setodes_bracteatus_1|1h|
Leptoceridae_Trichosetodes_sisyphos_1|1h|
Leptoceridae_Setodes_bispinus_1|1h|
Leptoceridae_Setodes_incertus_1|9h|MN|NY|ON|VA
Leptoceridae_Achoropsyche_duodecimpunctata_2|1h|
Leptoceridae_Leptocerina_spinigera_1|1h|
Leptoceridae_Leptocerina_ramosa_1|1h|
Leptoceridae_Blyzophilus_dorsohamatus_1|1h|
Leptoceridae_Parasetodes_sudanensis_1|1h|
Leptoceridae_Parasetodes_respersellus_1|2h||Thailand
Leptoceridae_Nectopsyche_argentata_4|1h|Colombia
Leptoceridae_Nectopsyche_punctata_1|2h|Costa_Rica
Leptoceridae_Ceraclea_nankingensis_1|1h|
Leptoceridae_Ceraclea_dissimilis_2|5h|Austria|Italy
Leptoceridae_Athripsodes_aterrimus_14|1h|Austria
Leptoceridae_Athripsodes_cinereus_2|3h|Italy
Leptoceridae_Homilia_lardeuxi_1|2h|
Leptoceridae_Poecilopsyche_vidura_1|1h|
Leptoceridae_Brachysetodes_bifurcatus_1|1h|
Leptoceridae_Brachysetodes_tripartitus_1|1h|
Leptoceridae_Adicella_reducta_2|2h|Portugal
Leptoceridae_Adicella_sp__nhrs_BS3_1|1h|
Leptoceridae_Erotesis_baltica_1|4h||Finland
Leptoceridae_Triaenodes_detruncatus_1|1h|Finland
Leptoceridae_Triaenodes_kwabena_1|1h|
Leptoceridae_Triaenodes_bicolor_1|5h|Austria|Belgium|Finland|Norway
Leptoceridae_Oecetis_minasata_1|1h|
Leptoceridae_Oecetis_royi_group_sp__NHRS_EG5_1|1h|
Leptoceridae_Oecetis_akimi_1|1h|
Leptoceridae_Oecetis_australis_3|1h|Australia_New_South_Wales
Leptoceridae_Oecetis_lacustris_3|3h|Mongolia|Russia_Khabarovsk_Krai
Leptoceridae_Oecetis_ochracea_14|1h|MN
Leptoceridae_Ptochoecetis_africana_2|1h|
Calamoceratidae_Phylloicus_aeneus_10|1h|Costa_Rica
Calamoceratidae_Ganonema_fuscipenne_2|1h|Indonesia
Calamoceratidae_Anisocentropus_pan_2|1h|Thailand
Molannidae_Molanna_angustata_10|1h|Austria
Molannidae_Molanna_uniophila_2|7h|MB|MN|ON
Molannidae_Molannodes_tinctus_5|1h|Finland
Odontoceridae_Odontocerum_albicorne_1|21h|Austria|Czech_Republic|Germany
Philorheithridae_Austrheithrus_ronewa_1|2h|Australia_Tasmania
Philorheithridae_Tasmanthrus_angustipennis_1|2h|Australia_Tasmania
Philorheithridae_Philorheithrus_lacustris_3|1h|New_Zealand
Odontoceridae_Lannapsyche_chantaramongkolae_1|1h|
Odontoceridae_Barynema_KMK_sp__1|1h|
Helicopsychidae_Rakiura_vernale_3|1h|New_Zealand
Helicopsychidae_Helicopsyche_albescens_1|2h|New_Zealand
Sericostomatidae_Petroplax_caricis_1|2h|South_Africa
Sericostomatidae_Notidobiella_chacayana_2|1h|Chile
Sericostomatidae_Sericostoma_flavicorne_2|1h|Austria
Sericostomatidae_Notidobia_nekibe_1|3h|Greece
Chathamiidae_Philanisus_plebeius_1|1h|New_Zealand
Hydrosalpingidae_Hydrosalpinx_sericea_1|2h||South_Africa
Helicophidae_Helicopha_amieuensis_1|1h|
Helicophidae_Eosericostoma_inaequispinum_2|2h|Chile
Helicophidae_Microthremma_patagonicum_1|1h|Chile
Conoesucidae_Costora_delora_1|3h|Australia_New_South_Wales|Australia_Victoria
Conoesucidae_Olinga_feredayi_1|2h|New_Zealand
Conoesucidae_Pycnocentria_evecta_2|2h||New_Zealand
Conoesucidae_Pycnocentrodes_aeris_1|12h|New_Zealand
Conoesucidae_Confluens_olingoides_1|6h|New_Zealand
Conoesucidae_Beraeoptera_roria_5|1h|New_Zealand
Conoesucidae_Coenoria_boera_1|1h|
Sericostomatidae_Myotrichia_murina_2|1h|Chile
Sericostomatidae_Parasericostoma_peniai_1|2h|Chile
Barbarochthonidae_Barbarochthon_brunneum_1|2h||South_Africa
Petrothrincidae_Petrothrincus_triangularis_1|2h||South_Africa
Petrothrincidae_Petrothrincus_circularis_1|2h|
Antipodoeciidae_Antipodoecia_2|2h|Australia_Queensland
Anomalopsychidae_Anomalopsyche_minuta_1|2h||Chile
Beraeidae_Beraeodes_minutus_3|1h|Austria
Beraeidae_Ernodes_articularis_2|1h|Hungary
Beraeidae_Beraea_maura_1|6h|Germany|Italy
Beraeidae_Beraea_pullata_10|1h|Finland
Beraeidae_Beraeamyia_squamosa_2|2h|France|Italy
Tasimiidae_Tasimia_denticulata_1|1h|Australia_Australian_Capital_Territory
Tasimiidae_Tasiagma_ciliata_4|1h|Australia_Victoria
Tasimiidae_Trichovespula_macrocera_3|1h|Chile
Limnocentropodidae_Limnocentropus_himalayanus_3|1h|Bhutan
Rhyacophilidae_Himalopsyche_maitreya_1|1h|China_
Rhyacophilidae_Rhyacophila_dongkyapa_1|1h|Bhutan
Rhyacophilidae_Rhyacophila_brunnea_13|1h|CA
Rhyacophilidae_Rhyacophila_atrata_1|7h||NC|TN
Rhyacophilidae_Rhyacophila_vulgaris_2|2h|Austria
Rhyacophilidae_Rhyacophila_tristis_1|6h|Austria|Germany|Italy
Rhyacophilidae_Rhyacophila_pubescens_3|1h|Austria
Xiphocentronidae_Xiphocentron_KMK_sp__1|1h|Costa_Rica
Psychomyiidae_Psychomyia_pusilla_1|64h|Germany|Hungary|United_Kingdom
Psychomyiidae_Psychomyiella_cruciata_1|1h|Russia_Primorsky_Krai
Psychomyiidae_Lype_diversa_1|10h|NB|NS|NY
Dipseudopsidae_Phylocentropus_placidus_12|1h|FL
Dipseudopsidae_Protodipseudopsis_sp__EI8_1|1h|
Dipseudopsidae_Dipseudopsis_varians_2|1h|Thailand
Dipseudopsidae_Dipseudopsis_capensis_1|1h|South_Africa
Ecnomidae_Austrotinodes_angustior_2|1h|Chile
Ecnomidae_Psychomyiellodes_excavatus_1|1h|Ghana
Ecnomidae_Ecnomus_tenellus_1|7h|Austria|Germany|Hungary|Italy|Poland
Polycentropodidae_Neucentropus_mandjuricus_1|7h||Russia_Khabarovsk_Krai|Russia_Primorsky_Krai
Polycentropodidae_Nyctiophylax_moestus_1|5h|NB|NS|Newfoundland_and_Labrador
Polycentropodidae_Cyrnus_flavidus_5|1h|Finland
Polycentropodidae_Cyrnus_insolutus_1|6h||Finland|Poland
Polycentropodidae_Holocentropus_stagnalis_1|2h|Estonia|Finland
Polycentropodidae_Holocentropus_picicornis_4|1h|Norway
Polycentropodidae_Holocentropus_dubius_1|5h|Belgium|Finland|Germany
Polycentropodidae_Plectrocnemia_conspersa_1|27h||Austria|Belgium|Czech_Republic|Finland|Germany|Norway
Polycentropodidae_Plectrocnemia_geniculata_10|1h|Spain
Polycentropodidae_Polycentropus_irroratus_1|8h|Austria|Belgium|Germany
Polycentropodidae_Polycentropus_clarus_1|1h|
Polycentropodidae_Cyrnellus_fraternus_1|12h||AZ|FL|MS|OK
Polycentropodidae_Cernotina_sp__KAJ-2012_1|1h|
Polycentropodidae_Polyplectropus_tenerus_3|1h|
Dipseudopsidae_Pseudoneureclipsis_philemon_1|1h|Thailand
Dipseudopsidae_Antillopsyche_demma_2|1h|Dominican_Republic
Stenopsychidae_Stenopsyche_marmorata_1|4h||Japan
Stenopsychidae_Stenopsychodes_aureoniger_1|1h|Australia_New_South_Wales
Philopotamidae_Kisaura_consagia_1|3h|Thailand
Philopotamidae_Philopotamus_montanus_3|4h|Austria
Philopotamidae_Dolophilodes_distinctus_6|12h|NC|TN|VA
Philopotamidae_Dolophilodes_aequalis_1|8h|MT|WY
Philopotamidae_Chimarrhodella_nigra_2|1h|Venezuela
Philopotamidae_Chimarrhodella_ulmeri_3|1h|Venezuela
Philopotamidae_Chimarrhodella_peruviana_2|1h|Venezuela
Philopotamidae_Chimarrhodella_pilcopata_1|1h|Bolivia
Philopotamidae_Chimarra_oreithyia_1|1h|Bhutan
Philopotamidae_Chimarra_tsudai_3|1h|Japan
Philopotamidae_Chimarra_spinifera_3|1h|Thailand
Philopotamidae_Chimarra_lannaensis_1|1h|Thailand
Philopotamidae_Chimarra_suadulla_1|1h|Thailand
Philopotamidae_Chimarra_joliveti_1|3h|Thailand
Philopotamidae_Chimarra_pipake_1|2h|Thailand
Philopotamidae_Chimarra_bimbltona_1|1h|Thailand
Philopotamidae_Chimarra_chiangmaiensis_2|1h|Thailand
Philopotamidae_Chimarra_neboissi_4|1h|Australia_Queensland
Philopotamidae_Chimarra_marginata_2|2h|
Philopotamidae_Chimarra_ambulans_1|3h|South_Africa
Philopotamidae_Chimarra_fuscipes_1|1h|South_Africa
Philopotamidae_Chimarra_uranka_9|1h|
Philopotamidae_Chimarra_limon_2|1h|Venezuela
Philopotamidae_Chimarra_angustipennis_2|1h|Venezuela
Philopotamidae_Chimarra_flinti_1|2h|Venezuela
Philopotamidae_Chimarra_poolei_2|1h|Venezuela
Philopotamidae_Chimarra_platyrhina_2|2h|Venezuela
Philopotamidae_Chimarra_duckworthi_1|1h|Costa_Rica
Philopotamidae_Chimarra_adamsae_2|1h|Brazil_Parana
Philopotamidae_Chimarra_rhamphodes_1|1h|Bolivia
Philopotamidae_Chimarra_protuberans_1|2h|Bolivia
Philopotamidae_Chimarra_akkaorum_3|1h|Thailand
Philopotamidae_Chimarra_monorum_3|1h|Thailand
Philopotamidae_Chimarra_socia_6|2h|MN
Philopotamidae_Chimarra_augusta_1|1h|TN
Philopotamidae_Chimarra_feria_3|2h|MN
Philopotamidae_Chimarra_aterrima_27|1h|NJ
Philopotamidae_Chimarra_camella_2|1h|Brazil_Rio_de_Janeiro
Philopotamidae_Chimarra_kontilos_1|1h|Brazil_Sao_Paulo
Philopotamidae_Chimarra_usitatissima_1|1h|Brazil_Minas_Gerais
Philopotamidae_Chimarra_maldonadoi_2|1h|Puerto_Rico
Philopotamidae_Chimarra_rossi_3|1h|Costa_Rica
Philopotamidae_Chimarra_patosa_2|1h|Bolivia
Philopotamidae_Chimarra_puertoricensis_1|1h|Puerto_Rico
Philopotamidae_Chimarra_redonda_1|1h|Dominican_Republic
Philopotamidae_Chimarra_tachuela_1|1h|Venezuela
Philopotamidae_Chimarra_odonta_1|1h|Brazil_Rio_de_Janeiro
Philopotamidae_Chimarra_immaculata_1|1h|Bolivia
Philopotamidae_Chimarra_peytoni_1|2h|Venezuela
Philopotamidae_Chimarra_texana_6|1h|TX
Philopotamidae_Chimarra_aureopunctata_1|1h|Nicaragua
Philopotamidae_Chimarra_barrettae_2|1h|Nicaragua
Philopotamidae_Chimarra_albomaculata_2|1h|Puerto_Rico
Philopotamidae_Chimarra_cultellata_2|1h|Brazil_Minas_Gerais
Philopotamidae_Chimarra_brasiliana_1|1h|Brazil_Santa_Catarina
Philopotamidae_Chimarra_parana_2|2h|Brazil_Minas_Gerais|Brazil_Santa_Catarina
Philopotamidae_Chimarra_mycterophora_1|2h|Bolivia
Philopotamidae_Chimarra_peruviana_1|2h|Bolivia
Philopotamidae_Chimarra_piliferosa_1|2h|Bolivia
Philopotamidae_Chimarra_teresae_1|2h|Brazil_Minas_Gerais
Philopotamidae_Chimarra_distermina_1|1h|Bolivia
Philopotamidae_Chimarra_beckeri_1|1h|Brazil_Rio_de_Janeiro
Philopotamidae_Chimarra_barinita_2|1h|Colombia
Philopotamidae_Chimarra_straminea_1|2h|Venezuela
Philopotamidae_Wormaldia_gabriella_16|1h|SD
Philopotamidae_Hydrobiosella_stenocerca_1|2h|New_Zealand
Philopotamidae_Cryptobiosella_hastata_2|3h|New_Zealand
Hydropsychidae_Leptonema_salvini_3|1h|Costa_Rica
Hydropsychidae_Baliomorpha_banksi_3|1h|Australia_Queensland
Hydropsychidae_Amphipsyche_proluta_1|1h|Russia_Primorsky_Krai
Hydropsychidae_Homoplectra_doringa_1|3h|WV
Hydropsychidae_Diplectrona_atra_4|1h|Italy
Hydropsychidae_Smicridea_turrialbana_1|2h|Costa_Rica
Hydropsychidae_Asmicridea_edwardsii_6|1h|Australia_Tasmania
Hydropsychidae_Sciadorus_acutus_1|1h|
Hydropsychidae_Potamyia_flava_11|1h|MB
Hydropsychidae_Hydropsyche_occidentalis_1|4h||OR|WA
Hydropsychidae_Hydropsyche_bronta_44|1h|MN
Hydropsychidae_Hydropsyche_colonica_9|1h|New_Zealand
Hydropsychidae_Hydropsyche_fimbriata_46|1h|New_Zealand
Hydropsychidae_Arctopsyche_grandis_7|4h|CO
Hydropsychidae_Parapsyche_elsis_15|1h|WY